<?xml version="1.0" encoding="UTF-8"?><?xml-stylesheet type='text/xsl' href='_UpgradeReport_Files/UpgradeReport.xslt'?><UpgradeLog>
<Properties><Property Name="Solution" Value="BCog">
</Property><Property Name="Solution File" Value="C:\Users\Alejandro\Desktop\ArgDiag [2011-03-05]\BCog.sln">
</Property><Property Name="Date" Value="sábado, 14 de mayo de 2011">
</Property><Property Name="Time" Value="22:18">
</Property></Properties><Event ErrorLevel="1" Project="Complementos" Source="Complementos\Complementos\Complementos.csproj" Description="Your project is targeting .NET Framework 2.0 or 3.0. If your project uses assemblies requiring a newer .NET Framework, your project will fail to build. You can change the .NET Framework version by clicking Properties on the project menu and then selecting a new version in the '.NET Framework' dropdown box. (In Visual Basic, this is located on the Compile tab by clicking the 'Advanced Compiler Options...' button.)">
</Event><Event ErrorLevel="0" Project="Complementos" Source="Complementos\Complementos\Complementos.csproj" Description="Project converted successfully">
</Event><Event ErrorLevel="3" Project="Complementos" Source="Complementos\Complementos\Complementos.csproj" Description="Converted">
</Event><Event ErrorLevel="1" Project="HerrmDiag" Source="HerrmDiag\HerrmDiag.csproj" Description="Your project is targeting .NET Framework 2.0 or 3.0. If your project uses assemblies requiring a newer .NET Framework, your project will fail to build. You can change the .NET Framework version by clicking Properties on the project menu and then selecting a new version in the '.NET Framework' dropdown box. (In Visual Basic, this is located on the Compile tab by clicking the 'Advanced Compiler Options...' button.)">
</Event><Event ErrorLevel="0" Project="HerrmDiag" Source="HerrmDiag\HerrmDiag.csproj" Description="Project converted successfully">
</Event><Event ErrorLevel="3" Project="HerrmDiag" Source="HerrmDiag\HerrmDiag.csproj" Description="Converted">
</Event><Event ErrorLevel="1" Project="ImgSet" Source="ImgSet\ImgSet\ImgSet.csproj" Description="Your project is targeting .NET Framework 2.0 or 3.0. If your project uses assemblies requiring a newer .NET Framework, your project will fail to build. You can change the .NET Framework version by clicking Properties on the project menu and then selecting a new version in the '.NET Framework' dropdown box. (In Visual Basic, this is located on the Compile tab by clicking the 'Advanced Compiler Options...' button.)">
</Event><Event ErrorLevel="0" Project="ImgSet" Source="ImgSet\ImgSet\ImgSet.csproj" Description="Project converted successfully">
</Event><Event ErrorLevel="3" Project="ImgSet" Source="ImgSet\ImgSet\ImgSet.csproj" Description="Converted">
</Event><Event ErrorLevel="1" Project="resultsdb" Source="NeuroBD\resultsdb\resultsdb.csproj" Description="Your project is targeting .NET Framework 2.0 or 3.0. If your project uses assemblies requiring a newer .NET Framework, your project will fail to build. You can change the .NET Framework version by clicking Properties on the project menu and then selecting a new version in the '.NET Framework' dropdown box. (In Visual Basic, this is located on the Compile tab by clicking the 'Advanced Compiler Options...' button.)">
</Event><Event ErrorLevel="0" Project="resultsdb" Source="NeuroBD\resultsdb\resultsdb.csproj" Description="Project converted successfully">
</Event><Event ErrorLevel="3" Project="resultsdb" Source="NeuroBD\resultsdb\resultsdb.csproj" Description="Converted">
</Event><Event ErrorLevel="1" Project="PsicoTests" Source="PsicoTests\PsicoTests.csproj" Description="Your project is targeting .NET Framework 2.0 or 3.0. If your project uses assemblies requiring a newer .NET Framework, your project will fail to build. You can change the .NET Framework version by clicking Properties on the project menu and then selecting a new version in the '.NET Framework' dropdown box. (In Visual Basic, this is located on the Compile tab by clicking the 'Advanced Compiler Options...' button.)">
</Event><Event ErrorLevel="0" Project="PsicoTests" Source="PsicoTests\PsicoTests.csproj" Description="Project converted successfully">
</Event><Event ErrorLevel="3" Project="PsicoTests" Source="PsicoTests\PsicoTests.csproj" Description="Converted">
</Event><Event ErrorLevel="1" Project="ReadingXML" Source="ReadingXML\ReadingXML.csproj" Description="Your project is targeting .NET Framework 2.0 or 3.0. If your project uses assemblies requiring a newer .NET Framework, your project will fail to build. You can change the .NET Framework version by clicking Properties on the project menu and then selecting a new version in the '.NET Framework' dropdown box. (In Visual Basic, this is located on the Compile tab by clicking the 'Advanced Compiler Options...' button.)">
</Event><Event ErrorLevel="0" Project="ReadingXML" Source="ReadingXML\ReadingXML.csproj" Description="Project converted successfully">
</Event><Event ErrorLevel="3" Project="ReadingXML" Source="ReadingXML\ReadingXML.csproj" Description="Converted">
</Event><Event ErrorLevel="0" Project="" Source="BCog.sln" Description="Solution converted successfully">
</Event><Event ErrorLevel="3" Project="" Source="BCog.sln" Description="Converted">
</Event><Event ErrorLevel="0" Project="Complementos" Source="Complementos\Complementos\Complementos.csproj" Description="Scan complete: Upgrade not required for project files.">
</Event><Event ErrorLevel="0" Project="HerrmDiag" Source="HerrmDiag\HerrmDiag.csproj" Description="Scan complete: Upgrade not required for project files.">
</Event><Event ErrorLevel="0" Project="ImgSet" Source="ImgSet\ImgSet\ImgSet.csproj" Description="Scan complete: Upgrade not required for project files.">
</Event><Event ErrorLevel="0" Project="resultsdb" Source="NeuroBD\resultsdb\resultsdb.csproj" Description="Scan complete: Upgrade not required for project files.">
</Event><Event ErrorLevel="0" Project="PsicoTests" Source="PsicoTests\PsicoTests.csproj" Description="Scan complete: Upgrade not required for project files.">
</Event><Event ErrorLevel="0" Project="ReadingXML" Source="ReadingXML\ReadingXML.csproj" Description="Scan complete: Upgrade not required for project files.">
</Event></UpgradeLog>