<?xml version="1.0" encoding="UTF-8"?><?xml-stylesheet type='text/xsl' href='_UpgradeReport_Files/UpgradeReport.xslt'?><UpgradeLog>
<Properties><Property Name="Solution" Value="BCog">
</Property><Property Name="Solution File" Value="I:\Proyecto Miguel_Ruben\Ar_Proyect\BCog.sln">
</Property><Property Name="Date" Value="martes, 28 de junio de 2011">
</Property><Property Name="Time" Value="19:43:24">
</Property><Property Name="Log Number" Value="2">
</Property></Properties><Event ErrorLevel="1" Project="GIL_Vinci" Source="GIL_Vinci\GIL_Vinci.csproj" Description="Your project is targeting .NET Framework 2.0 or 3.0. If your project uses assemblies requiring a newer .NET Framework, your project will fail to build. You can change the .NET Framework version by clicking Properties on the project menu and then selecting a new version in the '.NET Framework' dropdown box. (In Visual Basic, this is located on the Compile tab by clicking the 'Advanced Compiler Options...' button.)">
</Event><Event ErrorLevel="0" Project="GIL_Vinci" Source="GIL_Vinci\GIL_Vinci.csproj" Description="Project converted successfully">
</Event><Event ErrorLevel="3" Project="GIL_Vinci" Source="GIL_Vinci\GIL_Vinci.csproj" Description="Converted">
</Event><Event ErrorLevel="0" Project="GIL_Vinci" Source="GIL_Vinci\GIL_Vinci.csproj" Description="Scan complete: Upgrade not required for project files.">
</Event></UpgradeLog>